RESNR,RESTYPE,RESCHAIN,RESNR_LIG,RESTYPE_LIG,RESCHAIN_LIG,DIST,LIGCARBONIDX,PROTCARBONIDX,LIGCOO,PROTCOO,SIDECHAIN,DIST_H-A,DIST_D-A,DON_ANGLE,PROTISDON,DONORIDX,DONORTYPE,ACCEPTORIDX,ACCEPTORTYPE,BOND
123,ALA,A,1,UNL,d,3.94,7581,574,"(45.302, -21.364, -5.481)","(44.347, -25.095, -6.32)",,,,,,,,,,HYDROPHOBIC
141,LEU,A,1,UNL,d,3.71,7566,713,"(50.287, -16.607, -2.643)","(50.387, -20.198, -1.725)",,,,,,,,,,HYDROPHOBIC
338,VAL,A,1,UNL,d,3.96,7579,2203,"(47.023, -20.634, -3.955)","(46.071, -20.374, -0.122)",,,,,,,,,,HYDROPHOBIC
799,TYR,A,1,UNL,d,3.90,7561,5698,"(49.558, -15.34, -7.28)","(45.975, -14.129, -8.217)",,,,,,,,,,HYDROPHOBIC
809,LEU,A,1,UNL,d,3.61,7562,5780,"(49.436, -15.377, -9.851)","(49.267, -11.99, -11.088)",,,,,,,,,,HYDROPHOBIC
816,ILE,A,1,UNL,d,3.79,7568,5828,"(50.358, -15.165, -0.57)","(53.671, -13.735, -1.73)",,,,,,,,,,HYDROPHOBIC
335,ALA,A,1,UNL,d,3.83,7578,2183,"(47.599, -19.855, -4.965)","(44.158, -18.233, -5.367)",,,,,,,,,,HYDROPHOBIC
335,ALA,A,1,UNL,d,3.12,7583,2183,"(45.87, -20.587, -6.494)","(44.158, -18.233, -5.367)",,,,,,,,,,HYDROPHOBIC
339,ALA,A,1,UNL,d,3.61,7572,2210,"(48.833, -13.194, -1.846)","(45.886, -14.963, -0.732)",,,,,,,,,,HYDROPHOBIC
795,GLU,A,1,UNL,d,3.47,7571,5665,"(49.237, -13.02, -0.519)","(50.782, -9.92, -0.742)",,,,,,,,,,HYDROPHOBIC
816,ILE,A,1,UNL,d,3.60,7569,5829,"(49.194, -14.357, -2.551)","(51.881, -12.266, -3.73)",,,,,,,,,,HYDROPHOBIC
137,ASP,A,1,UNL,d,,,,"(48.507, -17.154, -8.464)","(51.816, -17.983, -9.806)",True,2.74,3.67,171.60,True,677.0,O3,7558.0,Nar,HBOND
