RESNR,RESTYPE,RESCHAIN,RESNR_LIG,RESTYPE_LIG,RESCHAIN_LIG,DIST,LIGCARBONIDX,PROTCARBONIDX,LIGCOO,PROTCOO,SIDECHAIN,DIST_H-A,DIST_D-A,DON_ANGLE,PROTISDON,DONORIDX,DONORTYPE,ACCEPTORIDX,ACCEPTORTYPE,PROT_IDX_LIST,CENTDIST,ANGLE,OFFSET,TYPE,LIG_IDX_LIST,BOND
141,LEU,A,1,UNL,d,3.28,7572,710,"(51.164, -19.451, -5.136)","(52.383, -21.233, -2.669)",,,,,,,,,,,,,,,,HYDROPHOBIC
335,ALA,A,1,UNL,d,3.18,7575,2183,"(46.881, -19.873, -5.464)","(44.158, -18.233, -5.367)",,,,,,,,,,,,,,,,HYDROPHOBIC
799,TYR,A,1,UNL,d,3.37,7565,5696,"(48.867, -11.96, -8.289)","(45.817, -12.034, -6.846)",,,,,,,,,,,,,,,,HYDROPHOBIC
799,TYR,A,1,UNL,d,3.63,7578,5700,"(48.535, -17.202, -8.232)","(45.459, -15.326, -8.684)",,,,,,,,,,,,,,,,HYDROPHOBIC
809,LEU,A,1,UNL,d,2.83,7565,5780,"(48.867, -11.96, -8.289)","(49.267, -11.99, -11.088)",,,,,,,,,,,,,,,,HYDROPHOBIC
816,ILE,A,1,UNL,d,3.96,7556,5829,"(49.438, -15.358, -3.386)","(51.881, -12.266, -3.73)",,,,,,,,,,,,,,,,HYDROPHOBIC
137,ASP,A,1,UNL,d,3.60,7572,674,"(51.164, -19.451, -5.136)","(51.778, -20.064, -8.633)",,,,,,,,,,,,,,,,HYDROPHOBIC
141,LEU,A,1,UNL,d,2.99,7573,713,"(48.977, -20.304, -4.354)","(50.387, -20.198, -1.725)",,,,,,,,,,,,,,,,HYDROPHOBIC
137,ASP,A,1,UNL,d,,,,"(50.396, -16.906, -6.737)","(51.816, -17.983, -9.806)",True,2.96,3.55,121.89,True,677.0,O3,7566.0,Npl,,,,,,,HBOND
799,TYR,A,1,UNL,d,,,,"(46.814, -18.585, -7.446)","(43.684, -16.938, -8.737)",True,3.41,3.77,105.17,True,5703.0,O3,7576.0,O3,,,,,,,HBOND
137,ASP,A,1,UNL,d,,,,"(50.396, -16.906, -6.737)","(51.816, -17.983, -9.806)",True,3.04,3.55,111.30,False,7566.0,Npl,677.0,O3,,,,,,,HBOND
799,TYR,A,1,UNL,d,,,,"(49.2154, -13.668200000000002, -6.323600000000001)","(44.71583333333334, -14.537, -7.822166666666668)",,,,,,,,,,"5697,5698,5699,5700,5701,5702",4.82,71.76,1.16,T,"7560,7561,7562,7563,7564",PISTACKING
